{
  "svm": {
    "accuracy": 0.779253339718456,
    "precision": 0.9089334009465855,
    "recall": 0.7956989247311828,
    "f1": 0.8299186103278174,
    "roc_auc": 0.861426523297491,
    "pr_auc": 0.9588979309137506
  },
  "random_forest": {
    "accuracy": 0.7382728243193359,
    "precision": 0.8112301123923515,
    "recall": 0.8361720430107529,
    "f1": 0.8228833444903587,
    "roc_auc": 0.7635913978494623,
    "pr_auc": 0.9202370351010533
  },
  "gradient_boosting": {
    "accuracy": 0.7225499585964702,
    "precision": 0.8379611841619926,
    "recall": 0.7745806451612903,
    "f1": 0.7995417136789009,
    "roc_auc": 0.762483870967742,
    "pr_auc": 0.9223382107901289
  },
  "xgboost": {
    "accuracy": 0.652504664132571,
    "precision": 0.9288969095420709,
    "recall": 0.586967741935484,
    "f1": 0.7032002670033229,
    "roc_auc": 0.7590250896057348,
    "pr_auc": 0.9236192169718478
  },
  "lightgbm": {
    "accuracy": 0.7525585386050503,
    "precision": 0.8232333199759567,
    "recall": 0.8481720430107526,
    "f1": 0.8345031488870728,
    "roc_auc": 0.6778996415770608,
    "pr_auc": 0.8791770888047529
  },
  "balanced_rf": {
    "accuracy": 0.7598944459409576,
    "precision": 0.8266147277769669,
    "recall": 0.8521720430107529,
    "f1": 0.8385696190001626,
    "roc_auc": 0.7543082437275986,
    "pr_auc": 0.9159205409208988
  },
  "voting": {
    "accuracy": 0.7583859607115422,
    "precision": 0.835370182555781,
    "recall": 0.8361720430107529,
    "f1": 0.8347673238885698,
    "roc_auc": 0.7985268817204301,
    "pr_auc": 0.9371841391021748
  },
  "stacking": {
    "accuracy": 0.7679097702353517,
    "precision": 0.8209223184223184,
    "recall": 0.8784086021505377,
    "f1": 0.8483771336190691,
    "roc_auc": 0.7655985663082439,
    "pr_auc": 0.9244977672141539
  }
}