{
  "svm": {
    "accuracy": 0.8564102564102564,
    "precision": 0.8409584374290257,
    "recall": 1.0,
    "f1": 0.9132499444999447,
    "roc_auc": 0.8536143039591314
  },
  "random_forest": {
    "accuracy": 0.876923076923077,
    "precision": 0.8758730158730159,
    "recall": 0.9797701149425289,
    "f1": 0.9239388112358202,
    "roc_auc": 0.877624521072797
  },
  "logistic_regression": {
    "accuracy": 0.8307692307692308,
    "precision": 0.8281242128300951,
    "recall": 0.9795402298850575,
    "f1": 0.8970665087600572,
    "roc_auc": 0.8490421455938698
  }
}