{
  "svm": {
    "accuracy": 0.8512820512820513,
    "precision": 0.866732144285226,
    "recall": 0.9524137931034483,
    "f1": 0.9062667956690003,
    "roc_auc": 0.8769093231162197
  },
  "random_forest": {
    "accuracy": 0.8205128205128205,
    "precision": 0.8595439178806318,
    "recall": 0.9117241379310345,
    "f1": 0.8839386602098467,
    "roc_auc": 0.8969093231162196
  },
  "xgboost": {
    "accuracy": 0.8153846153846154,
    "precision": 0.857728494623656,
    "recall": 0.9050574712643679,
    "f1": 0.8805192003752536,
    "roc_auc": 0.8802809706257984
  },
  "lightgbm": {
    "accuracy": 0.8410256410256409,
    "precision": 0.8777618144031806,
    "recall": 0.9188505747126436,
    "f1": 0.8966445097487246,
    "roc_auc": 0.8872030651340996
  },
  "logistic_regression": {
    "accuracy": 0.8307692307692307,
    "precision": 0.8765045336569252,
    "recall": 0.9050574712643679,
    "f1": 0.8896847093129214,
    "roc_auc": 0.881455938697318
  }
}