{
  "svm": {
    "accuracy": 0.8461538461538461,
    "precision": 0.8523771874341135,
    "recall": 0.9659770114942529,
    "f1": 0.9048972980424594,
    "roc_auc": 0.8518007662835249
  },
  "random_forest": {
    "accuracy": 0.8615384615384617,
    "precision": 0.8733660130718954,
    "recall": 0.9597701149425287,
    "f1": 0.9132615986634465,
    "roc_auc": 0.8822477650063858
  },
  "logistic_regression": {
    "accuracy": 0.7999999999999999,
    "precision": 0.857929167606587,
    "recall": 0.8850574712643677,
    "f1": 0.86944725642769,
    "roc_auc": 0.8820945083014049
  }
}